<?xml version="1.0" encoding="UTF-8" standalone="yes"?>
<pedido>
    <id>2451256</id>
    <dataCompra>2013-12-05T18:21:07.529-02:00</dataCompra>
    <itens>
        <item>
            <formato>EBOOK</formato>
            <quantidade>1</quantidade>
            <livro>
                <codigo>TDD</codigo>
                <titulo>Test-Driven Development: Teste e Design no Mundo Real</titulo>
                <tituloCurto>TDD</tituloCurto>
                <nomeAutor>Mauricio Aniche</nomeAutor>
                <valorEbook>29.90</valorEbook>
                <valorImpresso>59.90</valorImpresso>
            </livro>
        </item>
    </itens>
    <pagamento>
        <status>CONFIRMADO</status>
        <valor>29.90</valor>
        <titular>Edgar  Brião</titular>
    </pagamento>
</pedido>