<?xml version="1.0" encoding="UTF-8" standalone="yes"?>
<pedido>
    <id>3417826</id>
    <dataCompra>2013-12-05T18:10:07.963-02:00</dataCompra>
    <itens>
        <item>
            <formato>EBOOK</formato>
            <quantidade>1</quantidade>
            <livro>
                <codigo>SOA</codigo>
                <titulo>SOA aplicado: Integrando com web services e além</titulo>
                <tituloCurto>SOA</tituloCurto>
                <nomeAutor>Alexandre Saudate</nomeAutor>
                <valorEbook>29.90</valorEbook>
                <valorImpresso>59.90</valorImpresso>
            </livro>
        </item>
    </itens>
    <pagamento>
        <status>CONFIRMAD</status>
        <valor>59.80</valor>
        <titular>Romario Olivares</titular>
    </pagamento>
</pedido>