{"id":"6532463","dataCompra":"2013-12-05T18:10:07.963-02:00","itens":[{"formato":"IMPRESSO","quantidade":"1","livro":{"codigo":"mean","titulo":"Full stack JavaScript para aplicações web com MongoDB, Express, Angular e Node","tituloCurto":"MEAN","nomeAutor":"Flávio Almeida","valorEbook":"39.90","valorImpresso":"69.90"}},{"formato":"EBOOK","quantidade":"1","livro":{"codigo":"ARQ","titulo":"Introdução à Arquitetura e Design de Software","tituloCurto":"Arquitetura Java","nomeAutor":"Sergio Lopes, Paulo Silveira, Guilherme Silveira, Nico Steppat, outros","valorEbook":"29.90","valorImpresso":"79.90"}}],"pagamento":{"status":"CONFIRMADO","valor":"99.80","titular":"Joana Galindo","email-titular":"jgal@efg.com"}}