{"id":"4298608","dataCompra":"2013-12-05T18:10:07.963-02:00","itens":[{"formato":"IMPRESSO","quantidade":"1","livro":{"codigo":"TDD","titulo":"Test-Driven Development: Teste e Design no Mundo Real","tituloCurto":"TDD","nomeAutor":"Mauricio Aniche","valorEbook":"29.90","valorImpresso":"59.90"}},{"formato":"EBOOK","quantidade":"1","livro":{"codigo":"ARQ","titulo":"Introdução à Arquitetura e Design de Software","tituloCurto":"Arquitetura Java","nomeAutor":"Sergio Lopes, Paulo Silveira, Guilherme Silveira, Nico Steppat, outros","valorEbook":"29.90","valorImpresso":"79.90"}}],"pagamento":{"status":"CONFIRMADO","valor":"89.80","titular":"Tatiana Geraldina Granjeiro","email-titular":"tatgran@zxc.com"}}